{
  "lang":"en",
  "name":"pipeline",
  "version":"0.0.0",
  "spacy_version":">=3.7.6,<3.8.0",
  "description":"",
  "author":"",
  "email":"",
  "url":"",
  "license":"",
  "spacy_git_version":"319e025",
  "vectors":{
    "width":0,
    "vectors":0,
    "keys":0,
    "name":null,
    "mode":"default"
  },
  "labels":{
    "textcat":[
      "general",
      "cardiovascular",
      "anesthesia",
      "pulmonary",
      "neuro psych",
      "infectious disease",
      "hematology",
      "gi or hepatic",
      "renal",
      "endocrinology",
      "pregnancy",
      "pediatrics"
    ]
  },
  "pipeline":[
    "textcat"
  ],
  "components":[
    "textcat"
  ],
  "disabled":[

  ]
}